{
  "accuracy": 0.4942528735632184,
  "f1": 0.0,
  "C": 0.001,
  "val_acc": 0.5333333333333333
}