{
  "accuracy": 0.46635730858468677,
  "f1": 0.049586776859504134,
  "horizon": 5,
  "C": 0.001
}