{"accuracy": 0.6396396396396397, "f1": 0.6208530805687204, "balanced_score": 0.6387830153783587, "threshold": 0.6500000000000004}