{
  "evaluation_date": "2026-05-07 04:11:56",
  "test_period": "January 2024 onwards",
  "train_samples": 1795,
  "val_samples": 365,
  "test_samples": 839,
  "price_only_features": [
    "return_1d",
    "return_3d",
    "return_7d",
    "return_14d",
    "ma_ratio_5",
    "ma_ratio_14",
    "ma_ratio_50",
    "ma_cross",
    "vol_5d",
    "vol_14d",
    "vol_ratio",
    "rsi_14",
    "bb_position",
    "momentum_7d",
    "momentum_14d",
    "momentum_30d",
    "vol_ratio_5_30",
    "hl_range"
  ],
  "lstm_optimal_threshold": 0.25,
  "lr_optimal_threshold": 0.5100000000000002,
  "models": {
    "Majority-Class Baseline": {
      "accuracy": 0.4958283671036949,
      "f1": 0.0,
      "precision": 0.0,
      "recall": 0.0,
      "auc": 0.5
    },
    "Logistic Regression (Price-Only)": {
      "accuracy": 0.5065554231227652,
      "f1": 0.6714285714285714,
      "precision": 0.5053763440860215,
      "recall": 1.0,
      "auc": 0.5236918076013821
    },
    "LSTM (Price-Only)": {
      "accuracy": 0.5048076923076923,
      "f1": 0.670926517571885,
      "precision": 0.5048076923076923,
      "recall": 1.0,
      "auc": 0.5262829403606103
    },
    "Dual-Head Transformer (Full)": {
      "accuracy": 0.6396,
      "f1": 0.62,
      "precision": null,
      "recall": null,
      "auc": 0.654
    }
  }
}