{
  "accuracy": 0.5197215777262181,
  "f1": 0.49878934624697335,
  "horizon": 3
}