{"train": [0.6539842433163098, 0.6520622819662094, 0.6520641797355243, 0.6529215329459735, 0.6518645744238581, 0.6517638138362339, 0.6515214943460056, 0.6510563205395427, 0.6514985625232969, 0.6511636184794563, 0.6501098211322512, 0.6524009204336575, 0.6505178936890194, 0.6505236327648163, 0.6504445938127381, 0.6510728363479886, 0.650583596101829, 0.6515680413161006, 0.6504586445433753, 0.6506420874169895, 0.6502177874956813, 0.6507579545889582, 0.6501746326684952, 0.6502426734992436, 0.6497929415532521, 0.6512285119720868, 0.6499815551298005, 0.6503063216805458, 0.6499319161687579, 0.6489774999873978, 0.6502682641148567, 0.6508965034570012, 0.6502003989049366, 0.6495681224124772, 0.6507148316928318, 0.6495331791894776, 0.6503473105175155, 0.6492715286357063, 0.6505954074008125, 0.6512365926589284, 0.6507699606674058, 0.6496259314673287, 0.6485181493418557, 0.6490206462996346, 0.6489226669073105, 0.6490684066499982, 0.649173263992582, 0.6501573600939342, 0.6483273027198655, 0.6485183803098542, 0.6496643487896238, 0.6477927427206721, 0.6491147375532559, 0.6490217755947795, 0.6486778642450061, 0.648138549711023, 0.6474916232483727, 0.6490295944469315, 0.6494850995285171, 0.6488081504191671, 0.6494042490209851, 0.648736508829253, 0.6485131861908096, 0.6480336476649556, 0.6495308226772717, 0.6481406305517469, 0.6481365050588336, 0.6479618230036327, 0.6487025714346341, 0.6488562598824501, 0.6469425410032272, 0.650121885750975, 0.6472928683672633, 0.6487029939889908, 0.6467015019484929, 0.6482477635145187, 0.6492842701928956, 0.6489412241748401, 0.6489878988691739, 0.649054901940482, 0.6474501852478299, 0.6467766453112874, 0.6491706488387925, 0.6485894450119564, 0.6493516564369202, 0.6474472263029644], "val": [0.6520020812749863, 0.6509737322727839, 0.650702953338623, 0.6527045468489329, 0.6522509107987086, 0.6522316137949625, 0.6524363855520884, 0.6515964219967524, 0.6517352213462194, 0.6518989900747935, 0.6509390970071157, 0.6518863489230474, 0.6512513607740402, 0.6511774311463038, 0.6510278979937235, 0.651202455163002, 0.6511190682649612, 0.651303619146347, 0.6511901617050171, 0.6509805470705032, 0.6509476105372111, 0.6508972396453222, 0.6505110263824463, 0.6489696502685547, 0.6481239746014277, 0.6499271144469579, 0.6498989512523016, 0.6501573771238327, 0.6475733468929926, 0.6455892423788706, 0.6457503239313761, 0.6473517616589864, 0.6484443992376328, 0.6474980115890503, 0.648991604646047, 0.6487639049688975, 0.6474492996931076, 0.6465869893630346, 0.6466251959403356, 0.6502208709716797, 0.6479911307493845, 0.6470839281876882, 0.646108681956927, 0.6463106175263723, 0.6466389894485474, 0.6471236447493235, 0.6459246973196665, 0.6467939168214798, 0.645816961924235, 0.6451667745908102, 0.6459912558396658, 0.6449818462133408, 0.6460523307323456, 0.6457680563131968, 0.6452903101841608, 0.6443536132574081, 0.6447294304768244, 0.6452239900827408, 0.6449480553468069, 0.6455828895171484, 0.645664652188619, 0.6453739056984583, 0.6450959543387095, 0.6445847352345785, 0.6457084019978842, 0.6448823809623718, 0.6446386973063151, 0.6447402089834213, 0.6447755694389343, 0.6447760810454687, 0.6446092476447424, 0.6454438666502634, 0.6454374740521113, 0.645337700843811, 0.6452766458193461, 0.6449082543452581, 0.6450687646865845, 0.6451054761807123, 0.6451913913091024, 0.6450999726851782, 0.6449358860651652, 0.6446686685085297, 0.644725168744723, 0.6448284486929575, 0.6450531731049219, 0.6452487210432688]}