{"train": [0.6558739032064166, 0.6547341421246529, 0.6526802767600332, 0.6535082533955574, 0.6527545750141144, 0.652439354785851, 0.6503050572105816, 0.6520874425768852, 0.651376907314573, 0.6527005359530449, 0.6516587681003979, 0.6501006515962737, 0.6508814500910896, 0.6515632101467678, 0.6517271963613374, 0.6503331352557454, 0.6516786898885455, 0.6507074949996812, 0.6499058072056089, 0.649447866848537, 0.6501474412424224, 0.6483389607497624, 0.6484229894621032, 0.6503710938351495, 0.64808553563697, 0.6496157273650169, 0.6503728106617928, 0.6475323875035558, 0.6507714071444103, 0.649090683885983, 0.6481337153485843, 0.6485376475112778, 0.6469049773045948, 0.6477390517081533, 0.6519550319228854, 0.6482000712837491, 0.6469167630587306, 0.6466247662901878, 0.6490771408591952, 0.6444153540900776, 0.6505110082881791, 0.6466898801071304, 0.6464077021394458, 0.6474432604653495, 0.6442999382104192, 0.6461875012942723, 0.6470278320567948, 0.6458617161427226, 0.6458888224193028, 0.6463357327239854, 0.6446318637047496, 0.6468233487435749, 0.6431422914777484, 0.646806996847902, 0.6464997732213565, 0.6448717766574451, 0.6450361886194774, 0.6459295696445874, 0.6440844706126622, 0.6430510218654361, 0.6459146259086472, 0.6447212366121156, 0.645065708884171, 0.6474925503134727, 0.6444207589541163, 0.6429072245955467, 0.6428513516272817, 0.6435407889740807, 0.6426296489579337, 0.6388344083513532, 0.6377018072775432, 0.6396202306662288, 0.6422181342329297, 0.6416211543338639, 0.6445258983543941, 0.644408011010715, 0.6382691370589393, 0.643457622400352, 0.6392659364002091, 0.6410788531814303, 0.6397042785372052, 0.6407596128327506, 0.6433517911604473, 0.6404771304556302, 0.6399717362863677, 0.6385612892253059, 0.640458233654499, 0.6403047048619815, 0.6396100957478795, 0.6386240656886782, 0.6365818604826927, 0.6383035832217762, 0.6390820858733994, 0.6388439951198441, 0.6390510914581162, 0.6412251623613494, 0.6399456305163247, 0.6385276338883809, 0.6396639432225909, 0.6386870837637356, 0.6386944044913564, 0.6371487176844052, 0.6378355100750923, 0.6379303176488195, 0.6400070392659732, 0.6387951778514045, 0.6390891575387546, 0.6399990650159972, 0.6392653392893928, 0.6370282279593604, 0.6387513418282781, 0.6385830896241325], "val": [0.650539164741834, 0.6506142467260361, 0.6501436084508896, 0.649819458524386, 0.6498206605513891, 0.6478818456331888, 0.6465911616881689, 0.6483226617177328, 0.6471103876829147, 0.6483776122331619, 0.6468761116266251, 0.6465764343738556, 0.6477015763521194, 0.6505410770575205, 0.6465994666020075, 0.6467553327480952, 0.6470466554164886, 0.6462143510580063, 0.6463476220766703, 0.6481742411851883, 0.6457754770914713, 0.6463052233060201, 0.6484189331531525, 0.6458012908697128, 0.6481034606695175, 0.6478702127933502, 0.6466013342142105, 0.6457162350416183, 0.646867111325264, 0.6459643344084421, 0.6454597115516663, 0.6460936864217123, 0.6451131105422974, 0.6449661801258723, 0.6491935004790624, 0.6455628871917725, 0.6440587093432745, 0.6456661423047384, 0.6460615148146948, 0.6443690955638885, 0.6451529413461685, 0.6445332914590836, 0.6440896987915039, 0.6444269716739655, 0.6455739587545395, 0.6429745852947235, 0.6435970862706503, 0.6435327629248301, 0.6429877479871114, 0.6439242660999298, 0.6418217718601227, 0.6432506640752157, 0.6445575406153997, 0.64376333852609, 0.6447717746098837, 0.6420997927586237, 0.6448057691256205, 0.6421054651339849, 0.6419080297152201, 0.6425760984420776, 0.6446131318807602, 0.6477927366892496, 0.6417731046676636, 0.6434432069460551, 0.6405303428570429, 0.6403703888257345, 0.6405360500017802, 0.6436214049657186, 0.6391996194918951, 0.6400933067003886, 0.640082041422526, 0.6389262328545252, 0.6387151777744293, 0.637839804093043, 0.6382264494895935, 0.6381487747033437, 0.6383244395256042, 0.6374813765287399, 0.6376634289820989, 0.6366438120603561, 0.6364853332440058, 0.6359690378109614, 0.6420306414365768, 0.6391394386688868, 0.6440725475549698, 0.6375140647093455, 0.6377651790777842, 0.6393262843290964, 0.6374488919973373, 0.6396407981713613, 0.6438182642062505, 0.6386223038037618, 0.6371631274620692, 0.6368140329917272, 0.6390028844277064, 0.6407880485057831, 0.6374840835730234, 0.6392975995937983, 0.6424212604761124, 0.6415549864371618, 0.6402477423350016, 0.638540968298912, 0.640169675151507, 0.6392909238735834, 0.6387087553739548, 0.639359657963117, 0.6385394483804703, 0.6389317413171133, 0.6387209445238113, 0.6386009206374487, 0.6391927699247996, 0.6395112872123718]}