{"train": [0.5973519343033171, 0.5931844611962637, 0.5917616078728124, 0.5913687212425366, 0.5900246281372873, 0.5892153523470226, 0.589525019913389, 0.5872822163397806, 0.5881929057731963, 0.5886848506174589, 0.5870999913466605, 0.5881474561858595, 0.5888897460280803, 0.5864572399540952, 0.585984420358089, 0.5858909396225946, 0.5865410872195896, 0.5847894476171125, 0.5844283273868394, 0.5850052828328651, 0.5856830477714539, 0.5853575096841444, 0.5841669544839022, 0.5855529483473092, 0.5838180945107811, 0.5864853202773813, 0.5845685107143301, 0.5860649979951089, 0.5847354539130863, 0.5821294677362108, 0.5841508024094397, 0.5820261987677792, 0.5835501509800292, 0.5824793843846572, 0.5820048603049496, 0.5847599710288801, 0.5821040876601872, 0.5822498882026003, 0.583029572639549, 0.5834107100963593], "val": [0.59550541639328, 0.5957497954368591, 0.5973997364441553, 0.5972198198239008, 0.596030001839002, 0.5969856778780619, 0.5968854824701945, 0.5987367083628973, 0.5965156952540079, 0.5951974888642629, 0.5960685809453329, 0.5985347777605057, 0.5961718360582987, 0.5972658147414526, 0.5984009703000387, 0.5970776577790579, 0.5976212422053019, 0.5983314464489619, 0.5980065812667211, 0.598246638973554, 0.5977347791194916, 0.5985270490248998, 0.6014483670393626, 0.5985699792702993, 0.6011239886283875, 0.5980227390925089, 0.5995472172896067, 0.5979171345631281, 0.5995910316705704, 0.6001423199971517, 0.5989300856987635, 0.6046373397111893, 0.6016576836506525, 0.6014540841182073, 0.6004808892806371, 0.5995188454786936, 0.6001959443092346, 0.5995216369628906, 0.5996617178122202, 0.5986425032218298]}