{"train": [0.5967366627433843, 0.5955616711524495, 0.5921285894879124, 0.5912917047216181, 0.5910493566801673, 0.592826422369271, 0.5874602256114023, 0.5880032498062703, 0.5886625532518354, 0.5881250189584598, 0.5861920426812088, 0.5892905488348844, 0.5866488239221406, 0.5898850643843935, 0.5862470870478111, 0.5871927631005907, 0.5863991949641914, 0.5859436238544029, 0.5849984358800085, 0.5843806211885653, 0.5840639555663393, 0.5828741749650553, 0.584056549427802, 0.5849317032517048, 0.5832359905828509, 0.5830599362390083, 0.585166216942302, 0.5834408318787291, 0.5839586425245854, 0.5817633668581644, 0.5831691329939324, 0.5836197545653895, 0.5820266643637105, 0.5823047385926832, 0.5825879563365066, 0.5832571306249552], "val": [0.5974144389232, 0.5945796022812525, 0.5954072425762812, 0.5978285223245621, 0.5967515309651693, 0.5940780937671661, 0.5941136628389359, 0.5945642640193304, 0.5947471310695013, 0.5961064050594965, 0.5987170388301214, 0.5985315243403116, 0.5976099024216334, 0.5962913185358047, 0.600692351659139, 0.5981911023457845, 0.5987509191036224, 0.5981670469045639, 0.5984342396259308, 0.5974299410978953, 0.597803329428037, 0.5978255122900009, 0.599618156750997, 0.5974510113398234, 0.5984158019224802, 0.6005051781733831, 0.5976536571979523, 0.597012589375178, 0.5988126049439112, 0.5983656843503317, 0.5965734422206879, 0.5981806367635727, 0.5976186941067377, 0.5966991434494654, 0.5967856844266256, 0.5961383183797201]}