{"name": "CNN-LSTM Hybrid", "accuracy": 0.5, "precision": 0.43859649122807015, "recall": 0.11961722488038277, "f1": 0.18796992481203006, "train_losses": [0.7004327819780316, 0.6909875797634398, 0.6930766790231663, 0.6921538841693907, 0.6875494822915464, 0.6866065390274653, 0.6873262319043235, 0.6848454508939972, 0.6870734252470956, 0.6845440239200858, 0.6857134595457643, 0.68378068522255, 0.6841091580590746, 0.6830730254012676, 0.6823422972925671, 0.6807655278983933], "val_losses": [0.6964086489370692, 0.7041432641403019, 0.6988142850803353, 0.7021012522323787, 0.6988984043138069, 0.701927143579338, 0.7007698604935094, 0.7013569589246783, 0.7026203466437714, 0.7024221716568484, 0.7004944884289078, 0.7014125958520766, 0.702158724703984, 0.6968073991307041, 0.7070001447409914, 0.701441352478942], "predictions": [0, 0, 0, 0, 0, 0, 0, 0, 0, 0, 0, 0, 0, 0, 0, 0, 0, 0, 0, 0, 0, 0, 0, 0, 0, 0, 0, 0, 0, 0, 0, 0, 0, 0, 0, 0, 0, 0, 0, 0, 0, 0, 1, 1, 1, 1, 0, 0, 0, 0, 0, 0, 0, 0, 0, 1, 0, 0, 0, 0, 0, 0, 0, 0, 0, 0, 0, 0, 0, 0, 0, 0, 0, 0, 0, 0, 0, 0, 0, 0, 0, 0, 0, 0, 0, 0, 0, 0, 0, 0, 0, 0, 0, 0, 0, 0, 0, 0, 0, 0, 0, 0, 1, 1, 1, 1, 1, 0, 0, 0, 0, 0, 0, 0, 0, 0, 0, 0, 0, 0, 0, 0, 0, 0, 0, 0, 0, 0, 0, 0, 0, 0, 0, 0, 0, 0, 0, 0, 0, 0, 0, 0, 0, 0, 0, 0, 0, 0, 0, 0, 0, 0, 0, 0, 0, 0, 0, 0, 0, 0, 0, 0, 0, 0, 0, 0, 0, 0, 0, 0, 0, 0, 0, 0, 0, 0, 0, 0, 0, 0, 0, 0, 0, 0, 0, 0, 0, 0, 0, 0, 0, 0, 0, 0, 0, 0, 0, 0, 0, 0, 0, 0, 0, 0, 0, 0, 0, 0, 0, 0, 0, 0, 0, 0, 0, 0, 0, 1, 0, 1, 0, 0, 0, 0, 0, 0, 0, 0, 1, 1, 1, 0, 0, 0, 0, 0, 0, 0, 0, 0, 0, 0, 0, 0, 0, 0, 0, 0, 0, 0, 0, 1, 1, 0, 1, 0, 0, 0, 0, 0, 0, 0, 0, 0, 0, 0, 0, 1, 1, 1, 1, 1, 1, 1, 1, 1, 1, 0, 0, 0, 0, 0, 0, 0, 0, 0, 0, 0, 0, 0, 0, 0, 0, 0, 0, 0, 0, 0, 0, 0, 0, 0, 0, 1, 1, 1, 1, 1, 1, 1, 1, 1, 1, 1, 1, 1, 1, 0, 0, 0, 0, 0, 0, 0, 0, 0, 0, 0, 0, 0, 0, 0, 0, 0, 0, 0, 0, 0, 0, 0, 0, 0, 0, 0, 0, 0, 0, 0, 0, 0, 0, 0, 0, 0, 0, 0, 0, 0, 0, 0, 0, 0, 0, 0, 0, 0, 0, 0, 0, 0, 0, 0, 0, 0, 0, 0, 0, 0, 0, 0, 0, 0, 1, 1, 1, 1, 1, 1, 1, 1, 1, 1, 1, 1, 1, 1, 1, 0, 0, 0, 0, 0, 0, 0, 0, 0, 0, 0, 0, 0, 0, 0, 0, 0, 0, 0, 0, 0, 0, 0, 0, 0, 0, 0, 0, 0, 0, 0, 0, 0, 0, 0], "probabilities": [0.4383399486541748, 0.4311636984348297, 0.43475085496902466, 0.44189342856407166, 0.4462091624736786, 0.4507318437099457, 0.45520129799842834, 0.4532950222492218, 0.4525710940361023, 0.45514658093452454, 0.45243039727211, 0.4493906497955322, 0.45084869861602783, 0.45542263984680176, 0.4576185643672943, 0.4463345408439636, 0.4363536834716797, 0.44104495644569397, 0.44985345005989075, 0.4668687582015991, 0.43674197793006897, 0.44858741760253906, 0.4518401324748993, 0.46226269006729126, 0.4726966619491577, 0.47550681233406067, 0.46853068470954895, 0.4636351466178894, 0.4813080430030823, 0.46500179171562195, 0.46826171875, 0.4510757029056549, 0.4482126533985138, 0.4447431266307831, 0.4648912847042084, 0.45680058002471924, 0.4434007406234741, 0.43814507126808167, 0.44465750455856323, 0.44721588492393494, 0.4466589093208313, 0.4930744767189026, 0.5035830736160278, 0.5189087986946106, 0.518042266368866, 0.5053829550743103, 0.48715248703956604, 0.460256427526474, 0.4692213535308838, 0.4634694457054138, 0.45708486437797546, 0.4580605626106262, 0.46246692538261414, 0.46259891986846924, 0.48760560154914856, 0.5097545981407166, 0.48274728655815125, 0.47242867946624756, 0.48186275362968445, 0.4740261733531952, 0.46618932485580444, 0.48594939708709717, 0.46218734979629517, 0.46737000346183777, 0.45448800921440125, 0.4555301070213318, 0.44947540760040283, 0.44987794756889343, 0.4578566551208496, 0.4669097065925598, 0.4704028367996216, 0.4689086079597473, 0.46816518902778625, 0.47234365344047546, 0.4932326078414917, 0.48470786213874817, 0.47997766733169556, 0.44744712114334106, 0.46078214049339294, 0.449500173330307, 0.4424424469470978, 0.44331496953964233, 0.4727352261543274, 0.4775868058204651, 0.48931917548179626, 0.4639391303062439, 0.4680047929286957, 0.4616311490535736, 0.46170473098754883, 0.4616706967353821, 0.4600439965724945, 0.4630744159221649, 0.4574357271194458, 0.4624532461166382, 0.46695470809936523, 0.46522656083106995, 0.46863481402397156, 0.4721680283546448, 0.4702400863170624, 0.46808329224586487, 0.4705808460712433, 0.4773973226547241, 0.5118892788887024, 0.5341887474060059, 0.5252057909965515, 0.5207971930503845, 0.5002891421318054, 0.49524474143981934, 0.4857783913612366, 0.48238369822502136, 0.48113125562667847, 0.4822464883327484, 0.46000489592552185, 0.44464540481567383, 0.4422587752342224, 0.44255322217941284, 0.44495686888694763, 0.444747656583786, 0.4453316926956177, 0.44679850339889526, 0.4454014003276825, 0.4467204511165619, 0.44673144817352295, 0.44434216618537903, 0.4455777108669281, 0.4461902976036072, 0.44631877541542053, 0.446018248796463, 0.4466972351074219, 0.4459025263786316, 0.4486680328845978, 0.4406888782978058, 0.4411742091178894, 0.440170019865036, 0.439088374376297, 0.4511040449142456, 0.47688108682632446, 0.4713127315044403, 0.4622049629688263, 0.4557115137577057, 0.4569063186645508, 0.4722062349319458, 0.49306246638298035, 0.45041710138320923, 0.44210341572761536, 0.4424891173839569, 0.44239941239356995, 0.456199586391449, 0.4670352637767792, 0.47614872455596924, 0.47274935245513916, 0.4719981551170349, 0.46918630599975586, 0.4513314962387085, 0.45380333065986633, 0.4499927759170532, 0.44324904680252075, 0.46475672721862793, 0.47917070984840393, 0.471765398979187, 0.44100600481033325, 0.43689748644828796, 0.4404098391532898, 0.45476964116096497, 0.4591381251811981, 0.4633677005767822, 0.46151188015937805, 0.4654172658920288, 0.47114264965057373, 0.4708443880081177, 0.4657956063747406, 0.46557724475860596, 0.46452367305755615, 0.46259891986846924, 0.4695989787578583, 0.4688887298107147, 0.45318812131881714, 0.45044225454330444, 0.44771572947502136, 0.44900625944137573, 0.4491209387779236, 0.4510095417499542, 0.4562322497367859, 0.4583514928817749, 0.4541569650173187, 0.45152634382247925, 0.4537917971611023, 0.4505345821380615, 0.44805875420570374, 0.4440305829048157, 0.44302108883857727, 0.4520687758922577, 0.4554309546947479, 0.44944530725479126, 0.4421278238296509, 0.44155141711235046, 0.43709105253219604, 0.4389881491661072, 0.4591217637062073, 0.4852414131164551, 0.49305784702301025, 0.4715230464935303, 0.4622548818588257, 0.475413054227829, 0.46125566959381104, 0.44404175877571106, 0.4494379460811615, 0.4498899281024933, 0.4516638517379761, 0.4549197852611542, 0.45980605483055115, 0.461480975151062, 0.46464043855667114, 0.47452545166015625, 0.4686252772808075, 0.4707963466644287, 0.4788270890712738, 0.5084742307662964, 0.4887850284576416, 0.5044857263565063, 0.4527183175086975, 0.4501928985118866, 0.4628777801990509, 0.4791886806488037, 0.4697255492210388, 0.48817211389541626, 0.4687727689743042, 0.49454301595687866, 0.5018472671508789, 0.5110940337181091, 0.5108217000961304, 0.48955151438713074, 0.48620593547821045, 0.48108333349227905, 0.4937137961387634, 0.4817678928375244, 0.4624517858028412, 0.4571543037891388, 0.45952415466308594, 0.4597812592983246, 0.46270322799682617, 0.47064828872680664, 0.47252845764160156, 0.4716799855232239, 0.46732625365257263, 0.4638601243495941, 0.46332409977912903, 0.46264857053756714, 0.46537867188453674, 0.465435653924942, 0.46505337953567505, 0.5044208765029907, 0.5135595202445984, 0.4775988757610321, 0.5236571431159973, 0.4885331690311432, 0.47233396768569946, 0.44599977135658264, 0.43400946259498596, 0.43789511919021606, 0.4409686326980591, 0.4566377103328705, 0.4650076627731323, 0.4714154005050659, 0.47615504264831543, 0.48181670904159546, 0.4856559932231903, 0.505574643611908, 0.5053142309188843, 0.5504065155982971, 0.5669955015182495, 0.5244460105895996, 0.5287952423095703, 0.5307509303092957, 0.5373661518096924, 0.530831515789032, 0.5067335963249207, 0.47933024168014526, 0.4724465608596802, 0.4702843129634857, 0.4701276421546936, 0.48288846015930176, 0.47476911544799805, 0.4520263373851776, 0.4579189419746399, 0.457121878862381, 0.4646240174770355, 0.4664424955844879, 