{"name": "LSTM", "accuracy": 0.48764044943820223, "precision": 0.48764044943820223, "recall": 1.0, "f1": 0.6555891238670695, "probabilities": [0.5041919946670532, 0.5041865110397339, 0.5046308040618896, 0.5054261088371277, 0.5064517259597778, 0.5076019167900085, 0.5089293122291565, 0.5093994736671448, 0.5091714859008789, 0.50838303565979, 0.5077531933784485, 0.507228434085846, 0.5069623589515686, 0.5069434642791748, 0.5071685314178467, 0.5077823996543884, 0.5085179805755615, 0.5095541477203369, 0.5106238126754761, 0.5112286806106567, 0.5113916993141174, 0.5117606520652771, 0.5120446681976318, 0.5122464895248413, 0.5123427510261536, 0.5123637914657593, 0.5121251940727234, 0.5115606188774109, 0.5107662081718445, 0.5100411772727966, 0.5096434354782104, 0.5090843439102173, 0.5083601474761963, 0.5075863599777222, 0.5072959661483765, 0.5069886445999146, 0.5068410038948059, 0.5066667199134827, 0.5064286589622498, 0.5062201619148254, 0.5061171650886536, 0.5061551928520203, 0.5062100291252136, 0.50626540184021, 0.5062641501426697, 0.5064698457717896, 0.5068190097808838, 0.5072136521339417, 0.5072022676467896, 0.5071448683738708, 0.5072733759880066, 0.5077913403511047, 0.5081729888916016, 0.5085489153862, 0.5087684392929077, 0.5082834362983704, 0.5076306462287903, 0.5067834258079529, 0.5061652660369873, 0.5057517886161804, 0.5055801272392273, 0.5059274435043335, 0.5061123371124268, 0.5062494874000549, 0.5064079165458679, 0.5065687298774719, 0.5067002773284912, 0.5067579746246338, 0.5064567923545837, 0.5060147643089294, 0.505698561668396, 0.5056503415107727, 0.5056307911872864, 0.5057851672172546, 0.5059293508529663, 0.505917489528656, 0.506076455116272, 0.5061947703361511, 0.5064945220947266, 0.5067288875579834, 0.5071155428886414, 0.5074930191040039, 0.5081257820129395, 0.5089702010154724, 0.5097948312759399, 0.5104025602340698, 0.5107917785644531, 0.5104555487632751, 0.5094361305236816, 0.5082205533981323, 0.5071675181388855, 0.5066987872123718, 0.5061637163162231, 0.5058994889259338, 0.5058032870292664, 0.5057470202445984, 0.5053697228431702, 0.5050848126411438, 0.504730761051178, 0.5048370361328125, 0.5048482418060303, 0.5052679181098938, 0.5059478878974915, 0.5066625475883484, 0.5073520541191101, 0.5077075958251953, 0.5081170797348022, 0.5085437893867493, 0.5089221000671387, 0.5092592835426331, 0.5096808671951294, 0.5101836919784546, 0.5109424591064453, 0.5119711756706238, 0.5139042139053345, 0.515946090221405, 0.518491804599762, 0.5203409194946289, 0.5212703943252563, 0.5214052796363831, 0.5194783210754395, 0.517491340637207, 0.5165907740592957, 0.5155042409896851, 0.5144138336181641, 0.5133277177810669, 0.5123794078826904, 0.5120678544044495, 0.5123903155326843, 0.512787938117981, 0.5134223103523254, 0.5140007734298706, 0.5143100023269653, 0.5145061612129211, 0.5143712162971497, 0.514089822769165, 0.5136051774024963, 0.513209879398346, 0.5135012865066528, 0.5138418078422546, 0.514261782169342, 0.5145770907402039, 0.5148456692695618, 0.5140776634216309, 0.5127518773078918, 0.5119116902351379, 0.5115585923194885, 0.5113409161567688, 0.5109944343566895, 0.5102545619010925, 0.50918048620224, 0.5081876516342163, 0.5074775815010071, 0.5070804357528687, 0.5068106651306152, 0.5064563155174255, 0.5059921741485596, 0.5058260560035706, 0.5059798359870911, 0.5063833594322205, 0.5073898434638977, 0.5086848139762878, 0.5098417401313782, 0.5104895830154419, 0.5107952356338501, 0.5107470750808716, 0.5104442238807678, 0.5102357864379883, 0.5098639726638794, 0.5095066428184509, 0.5092101693153381, 0.5086398720741272, 0.5079981684684753, 0.5074439644813538, 0.5072581768035889, 0.5074345469474792, 0.5081709623336792, 0.5091971755027771, 0.5101948976516724, 0.5111271142959595, 0.512195885181427, 0.5129095911979675, 0.5131165385246277, 0.5133357644081116, 0.5136270523071289, 0.5138660073280334, 0.5139124989509583, 0.5139853358268738, 0.5136764049530029, 0.5132949352264404, 0.5132172107696533, 0.513525128364563, 0.5140271186828613, 0.5148032307624817, 0.515663743019104, 0.5163062810897827, 0.516333281993866, 0.5157532095909119, 0.5150797367095947, 0.5144411325454712, 0.5137695074081421, 0.5130729079246521, 0.5126453042030334, 0.5126317143440247, 0.5125712752342224, 0.5121289491653442, 0.5113967061042786, 0.5105305314064026, 0.5099904537200928, 0.5096006393432617, 0.5094897150993347, 0.5093885064125061, 0.5088912844657898, 0.5081608891487122, 0.5074136853218079, 0.5070365071296692, 0.5069348812103271, 0.5068288445472717, 0.5069378614425659, 0.5074259638786316, 0.5080856680870056, 0.5087833404541016, 0.509807288646698, 0.5105794668197632, 0.5113409161567688, 0.5123785734176636, 0.5127716064453125, 0.5125325918197632, 0.5119180679321289, 0.5111657977104187, 0.5103387236595154, 0.509277880191803, 0.5084461569786072, 0.5076771378517151, 0.5074440836906433, 0.5073695778846741, 0.5072627067565918, 0.5069765448570251, 0.5067257881164551, 0.5064221620559692, 0.5064427256584167, 0.5063516497612, 0.506294310092926, 0.5061367154121399, 0.5061063766479492, 0.5063594579696655, 0.5067560076713562, 0.507163941860199, 0.5073789358139038, 0.5074978470802307, 0.5078550577163696, 0.5086385607719421, 0.5094432830810547, 0.5104485750198364, 0.5114864706993103, 0.5127725601196289, 0.5138866305351257, 0.5147995352745056, 0.5155901312828064, 0.5161948204040527, 0.5166348814964294, 0.516920804977417, 0.5163953900337219, 0.5155511498451233, 0.5145398378372192, 0.512749195098877, 0.511322021484375, 0.509917676448822, 0.5084234476089478, 0.5074294209480286, 0.5067359805107117, 0.5065737962722778, 0.5068630576133728, 0.5073994994163513, 0.5085330605506897, 0.5098676085472107, 0.5114322900772095, 0.5130216479301453, 0.5149623155593872, 0.517910897731781, 0.5201018452644348, 0.5207515954971313, 0.5200154781341553, 0.5163902044296265, 0.5126026272773743, 0.5109000205993652, 0.5096629858016968, 0.508837878704071, 0.5081740617752075, 0.5075525045394897, 0.5068747401237488, 0.5062422156333923, 0.5058501958847046, 0.5057456493377686, 0.505750834941864, 0.5057438015937805, 0.5058347582817078, 0.5062980651855469, 0.5070687532424927, 0.50812166929245, 0.5092621445655823, 0.5102865099906921, 0.5107601881027222, 0.5106982588768005, 0.5103784799575806, 0.5099576115608215, 0.5095486044883728, 0.508786141872406, 0.50802081823349, 0.507499098777771, 0.5068744421005249, 0.5065016150474548, 0.5062260627746582, 0.5061079263687134, 0.5061672329902649, 0.5061898231506348, 0.5061963796615601, 0.5061062574386597, 0.5057827234268188, 0.5054730772972107, 0.5051992535591125, 0.5050204992294312, 0.5050211548805237, 0.5049952864646912, 0.5049012899398804, 0.5047751665115356, 0.5046610236167908, 0.5046103000640869, 0.5046393275260925, 0.5047299265861511, 0.5050207376480103, 0.5054627656936646, 0.5061488747596741, 0.5068614482879639, 0.5075663328170776, 0.5079193711280823, 0.5084736347198486, 0.5093355178833008, 0.5102519392967224, 0.5106979012489319, 0.5106901526451111, 0.5104423761367798, 0.5101718902587891, 0.5102596282958984, 0.5103647112846375, 0.5105879306793213, 0.5105417370796204, 0.5103340744972229, 0.5097765922546387, 0.5089688897132874, 0.5081082582473755, 0.5071520805358887, 0.5064212679862976, 0.5061761736869812, 0.5061467885971069, 0.5063087940216064, 0.506538450717926, 0.5065757632255554, 0.5065723061561584, 0.5065040588378906, 0.5066131353378296, 0.5069010257720947, 0.5073693990707397, 0.5078091025352478, 0.508280873298645, 0.5086309909820557, 0.5090984106063843, 0.5096456408500671, 0.5104885101318359, 0.5114316940307617, 0.5124089121818542, 0.5134735703468323, 0.5139381885528564, 0.5136385560035706, 0.512702226638794, 0.5116443634033203, 0.5108170509338379, 0.5104020237922668, 0.5106450915336609, 0.5114039778709412, 0.5123069882392883, 0.5130093097686768, 0.5134994983673096, 0.5133098363876343, 0.5123271942138672, 0.51051926612854, 0.5090503692626953, 0.507966160774231, 0.5073260068893433, 0.5069606304168701, 0.5066218376159668, 0.5063261985778809, 0.5060613751411438, 0.5058956146240234, 0.5056639909744263, 