{"name": "Transformer", "accuracy": 0.5056179775280899, "precision": 0.4444444444444444, "recall": 0.055299539170506916, "f1": 0.09836065573770492, "probabilities": [0.48589932918548584, 0.4858972430229187, 0.48586758971214294, 0.4858512878417969, 0.48577114939689636, 0.48562344908714294, 0.48550528287887573, 0.48542970418930054, 0.4853978753089905, 0.4854273498058319, 0.48559293150901794, 0.4858785569667816, 0.4862024188041687, 0.4863770306110382, 0.48697900772094727, 0.48703256249427795, 0.4858662486076355, 0.48571380972862244, 0.4856262505054474, 0.48555654287338257, 0.4855128824710846, 0.4855320453643799, 0.48575183749198914, 0.4857548773288727, 0.48545870184898376, 0.4851779341697693, 0.4850377142429352, 0.48501813411712646, 0.48513415455818176, 0.48525431752204895, 0.4855964183807373, 0.48642629384994507, 0.4864215552806854, 0.4864400327205658, 0.486650675535202, 0.4871591627597809, 0.4863356947898865, 0.48622453212738037, 0.48602545261383057, 0.48610156774520874, 0.48605772852897644, 0.4861077666282654, 0.4861326515674591, 0.48613718152046204, 0.4862089157104492, 0.48613041639328003, 0.4860224723815918, 0.4865192770957947, 0.4870840311050415, 0.4869326055049896, 0.4864356517791748, 0.4862729012966156, 0.4864421784877777, 0.48671799898147583, 0.48667123913764954, 0.48574477434158325, 0.4857715964317322, 0.48572754859924316, 0.48573338985443115, 0.48574700951576233, 0.4858722686767578, 0.48588767647743225, 0.4856538772583008, 0.4855172634124756, 0.48540669679641724, 0.48533517122268677, 0.48525264859199524, 0.48517024517059326, 0.48513180017471313, 0.48519960045814514, 0.4852558374404907, 0.4853070378303528, 0.48529794812202454, 0.4852863848209381, 0.4852662682533264, 0.4852767288684845, 0.4853072762489319, 0.48532092571258545, 0.4853108525276184, 0.4852762818336487, 0.4852325916290283, 0.4851967990398407, 0.48516860604286194, 0.4851439893245697, 0.48504915833473206, 0.48494428396224976, 0.48485520482063293, 0.4848516285419464, 0.48494020104408264, 0.4852341115474701, 0.48541489243507385, 0.48550888895988464, 0.4855116307735443, 0.48548635840415955, 0.48547792434692383, 0.48546791076660156, 0.4854344427585602, 0.48540735244750977, 0.4853782653808594, 0.4853942096233368, 0.4853982627391815, 0.4854154586791992, 0.4853495657444, 0.4852854907512665, 0.485302209854126, 0.48521992564201355, 0.48517322540283203, 0.48519667983055115, 0.48533210158348083, 0.48611512780189514, 0.4865480065345764, 0.4865770637989044, 0.4863523840904236, 0.4861010015010834, 0.4865724742412567, 0.489910364151001, 0.4920695126056671, 0.4897574186325073, 0.4879513084888458, 0.4879976212978363, 0.48870518803596497, 0.48721960186958313, 0.48555052280426025, 0.4849543869495392, 0.484675794839859, 0.48450079560279846, 0.4842682480812073, 0.4840959906578064, 0.483737051486969, 0.48332154750823975, 0.48784852027893066, 0.49120670557022095, 0.4899388253688812, 0.49156373739242554, 0.5094156861305237, 0.6045185923576355, 0.6400334239006042, 0.6507557034492493, 0.6475158929824829, 0.6508828401565552, 0.6518101096153259, 0.6521431803703308, 0.6493223905563354, 0.6261593699455261, 0.5854163765907288, 0.5719912052154541, 0.6271396279335022, 0.6253387331962585, 0.6080185174942017, 0.48968514800071716, 0.48699048161506653, 0.48681673407554626, 0.4867991805076599, 0.4867793917655945, 0.4867350459098816, 0.4864846169948578, 0.4861500859260559, 0.48618248105049133, 0.48626306653022766, 0.48638832569122314, 0.4863069951534271, 0.48621517419815063, 0.4860505759716034, 0.4858054518699646, 0.4856400489807129, 0.48578256368637085, 0.48741963505744934, 0.4885019361972809, 0.4901151955127716, 0.49311593174934387, 0.492173433303833, 0.48752251267433167, 0.4865283966064453, 0.486400842666626, 0.48631811141967773, 0.48620083928108215, 0.4867211580276489, 0.4872824251651764, 0.4863968789577484, 0.4856552183628082, 0.48538556694984436, 0.48516547679901123, 0.4850919544696808, 0.48504438996315, 0.48495781421661377, 0.48500171303749084, 0.4919094145298004, 0.4908929169178009, 0.48855099081993103, 0.487630158662796, 0.48703742027282715, 0.48650437593460083, 0.4865805506706238, 0.4866795837879181, 0.48927709460258484, 0.5208625197410583, 0.5557441711425781, 0.5161089301109314, 0.4869520366191864, 0.48537972569465637, 0.4849332869052887, 0.4846060276031494, 0.48447906970977783, 0.4928382635116577, 0.5332428812980652, 0.5455474257469177, 0.505073070526123, 0.4979926347732544, 0.5019271969795227, 0.5075170993804932, 0.5062221884727478, 0.4978213310241699, 0.4876273274421692, 0.4866606295108795, 0.4864455759525299, 0.48653438687324524, 0.48658034205436707, 0.48662763833999634, 0.4868459701538086, 0.4872428774833679, 0.4875555634498596, 0.48673781752586365, 0.48630547523498535, 0.48616427183151245, 0.48642030358314514, 0.48772406578063965, 0.489651620388031, 0.492058664560318, 0.4924471080303192, 0.49056899547576904, 0.48852333426475525, 0.48693254590034485, 0.4866926968097687, 0.4866030216217041, 0.48659443855285645, 0.486362487077713, 0.4862489402294159, 0.4861866533756256, 0.486200749874115, 0.486156165599823, 0.4860604405403137, 0.4859517514705658, 0.4858804941177368, 0.485870361328125, 0.48593059182167053, 0.48599162697792053, 0.4860723912715912, 0.4863697588443756, 0.486198365688324, 0.4862426817417145, 0.4861617386341095, 0.4861566722393036, 0.48630931973457336, 0.48656824231147766, 0.4865487217903137, 0.48625484108924866, 0.4863443970680237, 0.4875063896179199, 0.48930907249450684, 0.49029821157455444, 0.4886401295661926, 0.48705732822418213, 0.4871765971183777, 0.4902317225933075, 0.48832470178604126, 0.48686766624450684, 0.48625630140304565, 0.4861263632774353, 0.4859459400177002, 0.4859340786933899, 0.48579180240631104, 0.48561030626296997, 0.4854816794395447, 0.48569998145103455, 0.4859835207462311, 0.4855630099773407, 0.48531851172447205, 0.4851684868335724, 0.4850608706474304, 0.48493289947509766, 0.49811363220214844, 0.5751187205314636, 0.57230144739151, 0.5105879306793213, 0.4884454011917114, 0.48694977164268494, 0.4866875410079956, 0.48661792278289795, 0.48660609126091003, 0.4863011837005615, 0.4861449897289276, 0.4862428903579712, 0.48696669936180115, 0.4871876835823059, 0.4863590598106384, 0.48602980375289917, 0.4857957363128662, 0.48558712005615234, 0.48541128635406494, 0.4852696657180786, 0.48534253239631653, 0.48564058542251587, 0.48571017384529114, 0.48549771308898926, 0.48541685938835144, 0.48573312163352966, 0.4861297309398651, 0.48618021607398987, 0.48622193932533264, 0.486187607049942, 0.48606076836586, 0.4860072731971741, 0.48581773042678833, 0.4857851564884186, 0.48573970794677734, 0.4856669306755066, 0.4855921268463135, 0.4855588972568512, 0.48554980754852295, 0.48552900552749634, 0.48549535870552063, 0.48549142479896545, 0.48548948764801025, 0.485464483499527, 0.4854658842086792, 0.48548153042793274, 0.4854975938796997, 0.4854997396469116, 0.4854772388935089, 0.48545774817466736, 0.48547184467315674, 0.48544925451278687, 0.4854130446910858, 0.48529958724975586, 0.4851279854774475, 0.4850521385669708, 0.4850461781024933, 0.4849751889705658, 0.4849616587162018, 0.4849911034107208, 0.48500069975852966, 0.48497989773750305, 0.48492011427879333, 0.48489096760749817, 0.48484331369400024, 0.48482459783554077, 0.484775185585022, 0.48469799757003784, 0.48466500639915466, 0.4847222864627838, 0.4847118854522705, 0.48476511240005493, 0.48474323749542236, 0.4846789538860321, 0.48459428548812866, 0.48455268144607544, 0.48463958501815796, 0.4848305583000183, 0.48497474193573, 0.48510485887527466, 0.4851664900779724, 0.48516884446144104, 0.4851430356502533, 0.48558464646339417, 0.4874199330806732, 0.48749327659606934, 0.4866725206375122, 0.485942006111145, 0.48564407229423523, 0.4856453239917755, 0.48576974868774414, 0.48597586154937744, 0.4864698350429535, 0.4878273010253906, 0.49102503061294556, 0.49553588032722473, 0.4934002757072449, 0.48812228441238403, 0.4860422909259796, 0.4857998490333557, 0.48540571331977844, 0.4853030741214752, 0.4857439696788788, 0.4862734079360962, 0.4860391616821289, 